"species","year","base","longitude","latitude","state"
"Bradypus crinitus",2023,"gbif","-40.406032","-19.819664","Espírito Santo"
"Bradypus crinitus",2023,"gbif","-40.794299","-19.973988","Espírito Santo"
"Bradypus crinitus",2023,"gbif","-42.339089","-22.568433","Rio de Janeiro"
"Bradypus crinitus",2023,"gbif","-40.416103","-19.853158","Espírito Santo"
"Bradypus crinitus",2023,"gbif","-40.307444","-20.26714","Espírito Santo"
"Bradypus crinitus",2023,"gbif","-41.145959","-20.562411","Espírito Santo"
"Bradypus crinitus",2023,"gbif","-40.996098","-20.229928","Espírito Santo"
"Bradypus crinitus",2022,"gbif","-40.404207","-19.909994","Espírito Santo"
"Bradypus crinitus",2022,"gbif","-40.535977","-19.981535","Espírito Santo"
"Bradypus crinitus",2022,"gbif","-40.745178","-19.878869","Espírito Santo"
"Bradypus crinitus",2022,"gbif","-40.345646","-20.397796","Espírito Santo"
"Bradypus crinitus",2022,"gbif","-40.365399","-20.356771","Espírito Santo"
"Bradypus crinitus",2021,"gbif","-43.397583","-22.969964","Rio de Janeiro"
"Bradypus crinitus",2021,"gbif","-40.695168","-20.208792","Espírito Santo"
"Bradypus crinitus",2021,"gbif","-41.198727","-20.196582","Espírito Santo"
"Bradypus crinitus",2021,"gbif","-42.103884","-22.550975","Rio de Janeiro"
"Bradypus crinitus",2021,"gbif","-42.18069","-22.485671","Rio de Janeiro"
"Bradypus crinitus",2020,"gbif","-41.181943","-21.646495","Rio de Janeiro"
"Bradypus crinitus",2020,"gbif","-42.099279","-22.509317","Rio de Janeiro"
"Bradypus crinitus",2020,"gbif","-42.014321","-22.407992","Rio de Janeiro"
"Bradypus crinitus",2020,"gbif","-42.013101","-22.588526","Rio de Janeiro"
"Bradypus crinitus",2019,"gbif","-40.286617","-20.09227","Espírito Santo"
"Bradypus crinitus",2019,"gbif","-40.450273","-19.923306","Espírito Santo"
"Bradypus crinitus",2019,"gbif","-40.300294","-20.269004","Espírito Santo"
"Bradypus crinitus",2019,"gbif","-40.848604","-20.456062","Espírito Santo"
"Bradypus crinitus",2019,"gbif","-41.165423","-21.75628","Rio de Janeiro"
"Bradypus crinitus",2018,"gbif","-40.25893","-20.253949","Espírito Santo"
"Bradypus crinitus",2017,"gbif","-40.999186","-20.434052","Espírito Santo"
"Bradypus crinitus",2017,"gbif","-41.076412","-20.733351","Espírito Santo"
"Bradypus crinitus",2017,"gbif","-40.692016","-20.269384","Espírito Santo"
"Bradypus crinitus",2017,"gbif","-41.120985","-20.11035","Espírito Santo"
"Bradypus crinitus",2017,"gbif","-42.185879","-22.584594","Rio de Janeiro"
"Bradypus crinitus",2016,"gbif","-40.6372","-20.347201","Espírito Santo"
"Bradypus crinitus",2016,"gbif","-40.977389","-20.149505","Espírito Santo"
"Bradypus crinitus",2016,"gbif","-41.071557","-20.191684","Espírito Santo"
"Bradypus crinitus",2016,"gbif","-40.759464","-20.101037","Espírito Santo"
"Bradypus crinitus",2016,"gbif","-41.128372","-21.333605","Rio de Janeiro"
"Bradypus crinitus",2015,"gbif","-40.206942","-19.932631","Espírito Santo"
"Bradypus crinitus",2006,"gbif","-40.600278","-19.935556","Espírito Santo"
"Bradypus crinitus",1995,"gbif","-40.600278","-19.935556","Espírito Santo"
"Bradypus crinitus",1986,"gbif","-40.600278","-19.935556","Espírito Santo"
"Bradypus crinitus",1941,"gbif","-40.600278","-19.935556","Espírito Santo"
"Bradypus crinitus",1905,"gbif","-40.072222","-19.391111","Espírito Santo"
"Bradypus crinitus",2023,"gbif","-40.406032","-19.819664","Espírito Santo"
"Bradypus crinitus",2023,"gbif","-40.794299","-19.973988","Espírito Santo"
"Bradypus crinitus",2023,"gbif","-42.339089","-22.568433","Rio de Janeiro"
"Bradypus crinitus",2023,"gbif","-40.416103","-19.853158","Espírito Santo"
"Bradypus crinitus",2023,"gbif","-40.307444","-20.26714","Espírito Santo"
"Bradypus crinitus",2023,"gbif","-41.145959","-20.562411","Espírito Santo"
"Bradypus crinitus",2023,"gbif","-40.996098","-20.229928","Espírito Santo"
"Bradypus crinitus",2022,"gbif","-40.404207","-19.909994","Espírito Santo"
"Bradypus crinitus",2022,"gbif","-40.535977","-19.981535","Espírito Santo"
"Bradypus crinitus",2022,"gbif","-40.745178","-19.878869","Espírito Santo"
"Bradypus crinitus",2022,"gbif","-40.345646","-20.397796","Espírito Santo"
"Bradypus crinitus",2022,"gbif","-40.365399","-20.356771","Espírito Santo"
"Bradypus crinitus",2021,"gbif","-43.397583","-22.969964","Rio de Janeiro"
"Bradypus crinitus",2021,"gbif","-40.695168","-20.208792","Espírito Santo"
"Bradypus crinitus",2021,"gbif","-41.198727","-20.196582","Espírito Santo"
"Bradypus crinitus",2021,"gbif","-42.103884","-22.550975","Rio de Janeiro"
"Bradypus crinitus",2021,"gbif","-42.18069","-22.485671","Rio de Janeiro"
"Bradypus crinitus",2020,"gbif","-41.181943","-21.646495","Rio de Janeiro"
"Bradypus crinitus",2020,"gbif","-42.099279","-22.509317","Rio de Janeiro"
"Bradypus crinitus",2020,"gbif","-42.014321","-22.407992","Rio de Janeiro"
"Bradypus crinitus",2020,"gbif","-42.013101","-22.588526","Rio de Janeiro"
"Bradypus crinitus",2019,"gbif","-40.286617","-20.09227","Espírito Santo"
"Bradypus crinitus",2019,"gbif","-40.450273","-19.923306","Espírito Santo"
"Bradypus crinitus",2019,"gbif","-40.300294","-20.269004","Espírito Santo"
"Bradypus crinitus",2019,"gbif","-40.848604","-20.456062","Espírito Santo"
"Bradypus crinitus",2019,"gbif","-41.165423","-21.75628","Rio de Janeiro"
"Bradypus crinitus",2018,"gbif","-40.25893","-20.253949","Espírito Santo"
"Bradypus crinitus",2017,"gbif","-40.999186","-20.434052","Espírito Santo"
"Bradypus crinitus",2017,"gbif","-41.076412","-20.733351","Espírito Santo"
"Bradypus crinitus",2017,"gbif","-40.692016","-20.269384","Espírito Santo"
"Bradypus crinitus",2017,"gbif","-41.120985","-20.11035","Espírito Santo"
"Bradypus crinitus",2017,"gbif","-42.185879","-22.584594","Rio de Janeiro"
"Bradypus crinitus",2016,"gbif","-40.6372","-20.347201","Espírito Santo"
"Bradypus crinitus",2016,"gbif","-40.977389","-20.149505","Espírito Santo"
"Bradypus crinitus",2016,"gbif","-41.071557","-20.191684","Espírito Santo"
"Bradypus crinitus",2016,"gbif","-40.759464","-20.101037","Espírito Santo"
"Bradypus crinitus",2016,"gbif","-41.128372","-21.333605","Rio de Janeiro"
"Bradypus crinitus",2015,"gbif","-40.206942","-19.932631","Espírito Santo"
"Bradypus crinitus",2022,"inat","-42.1064568725","-22.7738033949","Rio de Janeiro"
"Bradypus crinitus",NA,"inat","-41.1727822904","-20.4901728356","Espírito Santo"
"Bradypus crinitus",2022,"inat","-40.5431586296","-19.8074941574","Espírito Santo"
"Bradypus crinitus",2023,"inat","-40.5658431998","-19.883381761","Espírito Santo"
"Bradypus crinitus",2023,"inat","-40.9960982357","-20.2299276051","Espírito Santo"
"Bradypus crinitus",2023,"inat","-41.1459586312","-20.5624106609","Espírito Santo"
"Bradypus crinitus",2023,"inat","-40.3074438304","-20.2671395963","Espírito Santo"
"Bradypus crinitus",2023,"inat","-41.1485866409","-20.2042687558","Espírito Santo"
"Bradypus crinitus",2023,"inat","-40.4161026459","-19.8531582454","Espírito Santo"
"Bradypus crinitus",2023,"inat","-41.0957775601","-20.5302632735","Espírito Santo"
"Bradypus crinitus",2023,"inat","-41.1067961327","-20.3583461708","Espírito Santo"
"Bradypus crinitus",2022,"inat","-41.0472947902","-20.4334561087","Espírito Santo"
"Bradypus crinitus",2016,"inat","-41.1283719242","-21.3336051813","Rio de Janeiro"
"Bradypus crinitus",2017,"inat","-42.1858790156","-22.5845938999","Rio de Janeiro"
"Bradypus crinitus",2023,"inat","-42.3390893404","-22.5684332938","Rio de Janeiro"
"Bradypus crinitus",2023,"inat","-40.7942994698","-19.9739884392","Espírito Santo"
"Bradypus crinitus",2023,"inat","-40.4060316699","-19.819663642","Espírito Santo"
"Bradypus crinitus",2020,"inat","-42.0131007284","-22.5885255754","Rio de Janeiro"
"Bradypus crinitus",2019,"inat","-41.1973986097","-21.789915754","Rio de Janeiro"
"Bradypus crinitus",2007,"inat","-42.0694929582","-22.5478219882","Rio de Janeiro"
"Bradypus crinitus",2007,"inat","-42.0311959339","-22.5263928491","Rio de Janeiro"
"Bradypus crinitus",2022,"inat","-41.0567699339","-21.7603188535","Rio de Janeiro"
"Bradypus crinitus",2022,"inat","-41.0209227843","-21.6619318959","Rio de Janeiro"
"Bradypus crinitus",2022,"inat","-40.3653985653","-20.3567712694","Espírito Santo"
"Bradypus crinitus",2021,"inat","-42.1806904981","-22.4856712675","Rio de Janeiro"
"Bradypus crinitus",2021,"inat","-42.1038839288","-22.5509751897","Rio de Janeiro"
"Bradypus crinitus",2020,"inat","-42.0143207212","-22.4079921594","Rio de Janeiro"
"Bradypus crinitus",2020,"inat","-42.0992794471","-22.5093170275","Rio de Janeiro"
"Bradypus crinitus",2022,"inat","-40.3456455407","-20.3977964961","Espírito Santo"
"Bradypus crinitus",2022,"inat","-40.7451776856","-19.8788687287","Espírito Santo"
"Bradypus crinitus",2022,"inat","-40.5359772952","-19.9815347876","Espírito Santo"
"Bradypus crinitus",2021,"inat","-41.1987274883","-20.1965824688","Espírito Santo"
"Bradypus crinitus",2017,"inat","-41.1209853786","-20.1103497626","Espírito Santo"
"Bradypus crinitus",2022,"inat","-40.4042069051","-19.9099941597","Espírito Santo"
"Bradypus crinitus",2019,"inat","-40.8486041166","-20.4560620509","Espírito Santo"
"Bradypus crinitus",2021,"inat","-40.6951681363","-20.2087919257","Espírito Santo"
"Bradypus crinitus",2017,"inat","-41.0764120859","-20.7333507875","Espírito Santo"
"Bradypus crinitus",2017,"inat","-40.6920164211","-20.2693837887","Espírito Santo"
"Bradypus crinitus",2016,"inat","-40.6371995367","-20.3472006091","Espírito Santo"
"Bradypus crinitus",2016,"inat","-41.0715566568","-20.1916841703","Espírito Santo"
"Bradypus crinitus",2017,"inat","-40.9991856247","-20.4340520651","Espírito Santo"
"Bradypus crinitus",2019,"inat","-41.1654226749","-21.7562797663","Rio de Janeiro"
"Bradypus crinitus",2020,"inat","-41.181942639","-21.6464951438","Rio de Janeiro"
"Bradypus crinitus",2021,"inat","-40.3478173653","-20.3896354159","Espírito Santo"
"Bradypus crinitus",2021,"inat","-42.1544865802","-22.6679775066","Rio de Janeiro"
"Bradypus crinitus",2021,"inat","-40.2703691051","-20.2498393599","Espírito Santo"
"Bradypus crinitus",2021,"inat","-42.3467958248","-22.4952945281","Rio de Janeiro"
"Bradypus crinitus",2015,"inat","-40.2069416654","-19.9326309962","Espírito Santo"
"Bradypus crinitus",2021,"inat","-43.397582552","-22.9699636249","Rio de Janeiro"
"Bradypus crinitus",2020,"inat","-41.2101880516","-20.3037790679","Espírito Santo"
"Bradypus crinitus",2016,"inat","-40.7594644823","-20.1010367437","Espírito Santo"
"Bradypus crinitus",2020,"inat","-40.2420306565","-20.2872008938","Espírito Santo"
"Bradypus crinitus",2017,"inat","-41.0811243436","-20.1455962946","Espírito Santo"
"Bradypus crinitus",2016,"inat","-41.1157639918","-20.1295146548","Espírito Santo"
"Bradypus crinitus",2016,"inat","-40.9773894078","-20.1495047374","Espírito Santo"
"Bradypus crinitus",2020,"inat","-40.2202677424","-20.2093702263","Espírito Santo"
"Bradypus crinitus",2019,"inat","-40.2866174562","-20.0922699042","Espírito Santo"
"Bradypus crinitus",2019,"inat","-40.3002938761","-20.2690039866","Espírito Santo"
"Bradypus crinitus",2019,"inat","-40.4502729449","-19.9233064073","Espírito Santo"
"Bradypus crinitus",2018,"inat","-40.2589298651","-20.2539493402","Espírito Santo"
"Bradypus crinitus",1990,"vertnet","-40.072222","-19.391111","Espírito Santo"
"Bradypus crinitus",1995,"vertnet","-40.600278","-19.935556","Espírito Santo"
"Bradypus crinitus",2006,"vertnet","-40.600278","-19.935556","Espírito Santo"
"Bradypus crinitus",1986,"vertnet","-40.600278","-19.935556","Espírito Santo"
"Bradypus crinitus",2006,"idigbio","-40.600278","-19.935556","Espírito Santo"
"Bradypus crinitus",1986,"idigbio","-40.600278","-19.935556","Espírito Santo"
"Bradypus crinitus",1995,"idigbio","-40.600278","-19.935556","Espírito Santo"
"Bradypus crinitus",1941,"idigbio","-40.600278","-19.935556","Espírito Santo"
"Bradypus crinitus",1905,"idigbio","-40.072222","-19.391111","Espírito Santo"
"Bradypus crinitus",1995,"specieslink","-40.600278","-19.935556","Espírito Santo"
"Bradypus crinitus",1941,"specieslink","-40.600278","-19.935556","Espírito Santo"
"Bradypus crinitus",2006,"specieslink","-40.600278","-19.935556","Espírito Santo"
"Bradypus crinitus",1986,"specieslink","-40.600278","-19.935556","Espírito Santo"
"Bradypus crinitus",1905,"specieslink","-40.072222","-19.391111","Espírito Santo"
"Bradypus crinitus",2016,"specieslink","-40.6002998352051","-19.9356002807617","Espírito Santo"
"Bradypus crinitus",2010,"specieslink","-40.6002998352051","-19.9356002807617","Espírito Santo"
"Bradypus crinitus",2003,"specieslink","-40.6002998352051","-19.9356002807617","Espírito Santo"
"Bradypus crinitus",2005,"specieslink","-40.698667","-20.041694","Espírito Santo"
"Bradypus crinitus",2005,"specieslink","-40.69525","-20.041639","Espírito Santo"
"Bradypus crinitus",2005,"specieslink","-40.697444","-20.039583","Espírito Santo"
"Bradypus crinitus",2005,"specieslink","-40.697556","-20.039194","Espírito Santo"
"Bradypus crinitus",2005,"specieslink","-40.696556","-20.041917","Espírito Santo"
"Bradypus crinitus",2005,"specieslink","-40.69575","-20.042694","Espírito Santo"
"Bradypus crinitus",2005,"specieslink","-40.693972","-20.04525","Espírito Santo"
"Bradypus crinitus",2003,"specieslink","-40.2733001708984","-19.8202991485596","Espírito Santo"
"Bradypus crinitus",2003,"specieslink","-40.2733001708984","-19.8202991485596","Espírito Santo"
"Bradypus crinitus",2003,"specieslink","-40.2733001708984","-19.8202991485596","Espírito Santo"
"Bradypus crinitus",2003,"specieslink","-40.2733001708984","-19.8202991485596","Espírito Santo"
"Bradypus crinitus",2003,"specieslink","-40.2733001708984","-19.8202991485596","Espírito Santo"
"Bradypus crinitus",2003,"specieslink","-40.2733001708984","-19.8202991485596","Espírito Santo"
"Bradypus crinitus",2003,"specieslink","-40.2733001708984","-19.8202991485596","Espírito Santo"
"Bradypus crinitus",2003,"specieslink","-40.2733001708984","-19.8202991485596","Espírito Santo"
"Bradypus crinitus",2003,"specieslink","-40.2733001708984","-19.8202991485596","Espírito Santo"
"Bradypus crinitus",2003,"specieslink","-40.2733001708984","-19.8202991485596","Espírito Santo"
"Bradypus crinitus",2003,"specieslink","-40.2733001708984","-19.8202991485596","Espírito Santo"
"Bradypus crinitus",2003,"specieslink","-40.2733001708984","-19.8202991485596","Espírito Santo"
"Bradypus crinitus",2003,"specieslink","-40.2733001708984","-19.8202991485596","Espírito Santo"
"Bradypus crinitus",2003,"specieslink","-40.2733001708984","-19.8202991485596","Espírito Santo"
"Bradypus crinitus",2003,"specieslink","-40.2733001708984","-19.8202991485596","Espírito Santo"
"Bradypus crinitus",2003,"specieslink","-40.875301361084","-19.8738994598389","Espírito Santo"
"Bradypus crinitus",2003,"specieslink","-40.7461013793945","-20.040599822998","Espírito Santo"
"Bradypus crinitus",2003,"specieslink","-40.7461013793945","-20.040599822998","Espírito Santo"
"Bradypus crinitus",2003,"specieslink","-40.7461013793945","-20.040599822998","Espírito Santo"
"Bradypus crinitus",2003,"specieslink","-40.7461013793945","-20.040599822998","Espírito Santo"
"Bradypus crinitus",2003,"specieslink","-40.7461013793945","-20.040599822998","Espírito Santo"
"Bradypus crinitus",2003,"specieslink","-40.7461013793945","-20.040599822998","Espírito Santo"
"Bradypus crinitus",2003,"specieslink","-40.6002998352051","-19.9356002807617","Espírito Santo"
"Bradypus crinitus",2003,"specieslink","-40.6002998352051","-19.9356002807617","Espírito Santo"
"Bradypus crinitus",2003,"specieslink","-40.6002998352051","-19.9356002807617","Espírito Santo"
"Bradypus crinitus",2003,"specieslink","-40.6002998352051","-19.9356002807617","Espírito Santo"
"Bradypus crinitus",2003,"specieslink","-40.6002998352051","-19.9356002807617","Espírito Santo"
"Bradypus crinitus",2003,"specieslink","-40.6002998352051","-19.9356002807617","Espírito Santo"
"Bradypus crinitus",2002,"specieslink","-40.6002998352051","-19.9356002807617","Espírito Santo"
"Bradypus crinitus",2002,"specieslink","-40.6002998352051","-19.9356002807617","Espírito Santo"
"Bradypus crinitus",2002,"specieslink","-40.6002998352051","-19.9356002807617","Espírito Santo"
"Bradypus crinitus",2003,"specieslink","-42.2042007446289","-22.4806003570557","Rio de Janeiro"
"Bradypus crinitus",2003,"specieslink","-42.3917007446289","-22.6508007049561","Rio de Janeiro"
"Bradypus crinitus",2003,"specieslink","-42.3917007446289","-22.6508007049561","Rio de Janeiro"
"Bradypus crinitus",2009,"specieslink","-40.66666","-20.4","Espírito Santo"
"Bradypus crinitus",2009,"specieslink","-40.65","-20.35","Espírito Santo"
"Bradypus crinitus",2009,"specieslink","-40.65","-20.35","Espírito Santo"
"Bradypus crinitus",2009,"specieslink","-40.66666","-20.4","Espírito Santo"
"Bradypus crinitus",1991,"specieslink","-40.6002998352051","-19.9356002807617","Espírito Santo"
"Bradypus crinitus",2017,"Dataset - Neotropical Xenarthrans","-41.01106","-20.43021","Espírito Santo"
"Bradypus crinitus",2017,"Dataset - Neotropical Xenarthrans","-41.00322","-20.43595","Espírito Santo"
"Bradypus crinitus",2017,"Dataset - Neotropical Xenarthrans","-41.02582","-20.42245","Espírito Santo"
"Bradypus crinitus",2017,"Dataset - Neotropical Xenarthrans","-40.99469","-20.43548","Espírito Santo"
"Bradypus crinitus",2017,"Dataset - Neotropical Xenarthrans","-41.11018","-20.53651","Espírito Santo"
"Bradypus crinitus",2017,"Dataset - Neotropical Xenarthrans","-41.10731","-20.53016","Espírito Santo"
"Bradypus crinitus",2017,"Dataset - Neotropical Xenarthrans","-41.11538","-20.51742","Espírito Santo"
"Bradypus crinitus",2017,"Dataset - Neotropical Xenarthrans","-40.52362","-20.27676","Espírito Santo"
"Bradypus crinitus",2015,"Dataset - Neotropical Xenarthrans","-40.982627","-20.081553","Espírito Santo"
"Bradypus crinitus",2015,"Dataset - Neotropical Xenarthrans","-40.993417","-20.101673","Espírito Santo"
"Bradypus crinitus",2015,"Dataset - Neotropical Xenarthrans","-40.975984","-20.058758","Espírito Santo"
"Bradypus crinitus",2015,"Dataset - Neotropical Xenarthrans","-40.98955","-20.097517","Espírito Santo"
"Bradypus crinitus",2015,"Dataset - Neotropical Xenarthrans","-40.991176","-20.098312","Espírito Santo"
"Bradypus crinitus",NA,"Dataset - Neotropical Xenarthrans","-42.624619","-22.305633","Rio de Janeiro"
"Bradypus crinitus",NA,"Dataset - Neotropical Xenarthrans","-42.95230833","-22.45142778","Rio de Janeiro"
"Bradypus crinitus",NA,"Dataset - Neotropical Xenarthrans","-40.59","-19.93","Espírito Santo"
"Bradypus crinitus",NA,"Dataset - Neotropical Xenarthrans","-41.78694444","-22.37083333","Rio de Janeiro"
"Bradypus crinitus",NA,"Dataset - Neotropical Xenarthrans","-40.07222222","-19.39111111","Espírito Santo"
"Bradypus crinitus",NA,"Dataset - Neotropical Xenarthrans","-40.27333333","-19.82027778","Espírito Santo"
"Bradypus crinitus",NA,"Dataset - Neotropical Xenarthrans","-40.68305556","-20.41277778","Espírito Santo"
"Bradypus crinitus",NA,"Dataset - Neotropical Xenarthrans","-40.25","-19.8","Espírito Santo"
"Bradypus crinitus",NA,"Dataset - Neotropical Xenarthrans","-40.59","-19.93","Espírito Santo"
"Bradypus crinitus",NA,"Dataset - Neotropical Xenarthrans","-40.87","-19.87","Espírito Santo"
"Bradypus crinitus",NA,"Dataset - Neotropical Xenarthrans","-42.43","-22.62","Rio de Janeiro"
"Bradypus crinitus",NA,"Dataset - Neotropical Xenarthrans","-40.05901391","-19.39926707","Espírito Santo"
"Bradypus crinitus",NA,"Dataset - Neotropical Xenarthrans","-40.56218324","-19.90571058","Espírito Santo"
"Bradypus crinitus",NA,"Dataset - Neotropical Xenarthrans","-40.33694248","-20.29769444","Espírito Santo"
"Bradypus crinitus",NA,"Dataset - Neotropical Xenarthrans","-41.84616","-21.870509","Rio de Janeiro"
"Bradypus crinitus",NA,"Dataset - Neotropical Xenarthrans","-42.53111111","-22.28194444","Rio de Janeiro"
"Bradypus crinitus",NA,"Dataset - Neotropical Xenarthrans","-42.95230833","-22.45142778","Rio de Janeiro"
"Bradypus crinitus",NA,"Dataset - Neotropical Xenarthrans","-40.60027778","-19.93555556","Espírito Santo"
"Bradypus crinitus",NA,"Dataset - Neotropical Xenarthrans","-40.36972222","-19.83194444","Espírito Santo"
"Bradypus crinitus",NA,"Dataset - Neotropical Xenarthrans","-41.05111111","-21.64027778","Rio de Janeiro"
"Bradypus crinitus",NA,"Dataset - Neotropical Xenarthrans","-42.16138889","-22.82333333","Rio de Janeiro"
"Bradypus crinitus",NA,"Dataset - Neotropical Xenarthrans","-40.68305556","-20.41277778","Espírito Santo"
"Bradypus crinitus",NA,"Dataset - Neotropical Xenarthrans","-40.25","-19.8","Espírito Santo"
"Bradypus crinitus",NA,"Dataset - Neotropical Xenarthrans","-40.59","-19.93","Espírito Santo"
"Bradypus crinitus",NA,"Dataset - Neotropical Xenarthrans","-40.87","-19.87","Espírito Santo"
"Bradypus crinitus",NA,"Dataset - Neotropical Xenarthrans","-42.43","-22.62","Rio de Janeiro"
"Bradypus crinitus",NA,"Dataset - Neotropical Xenarthrans","-39.88080263","-19.67112921","Espírito Santo"
"Bradypus crinitus",NA,"Dataset - Neotropical Xenarthrans","-40.60166072","-19.93613788","Espírito Santo"
"Bradypus crinitus",NA,"Dataset - Neotropical Xenarthrans","-42.03916345","-22.42512542","Rio de Janeiro"
"Bradypus crinitus",NA,"Dataset - Neotropical Xenarthrans","-40.550833","-19.8825","Espírito Santo"
"Bradypus crinitus",NA,"Dataset - Neotropical Xenarthrans","-41.889381","-22.432986","Rio de Janeiro"
"Bradypus crinitus",NA,"Dataset - Neotropical Xenarthrans","-41.033333","-21.75","Rio de Janeiro"
"Bradypus crinitus",1996,"Dataset - Neotropical Xenarthrans","-40.66666667","-20.4","Espírito Santo"
"Bradypus crinitus",NA,"Dataset - Neotropical Xenarthrans","-42.026667","-22.4375","Rio de Janeiro"
"Bradypus crinitus",2009,"Dataset - Neotropical Xenarthrans","-42.02667","-22.4375","Rio de Janeiro"
"Bradypus crinitus",NA,"Dataset - Neotropical Xenarthrans","-42.02667","-22.4375","Rio de Janeiro"
"Bradypus crinitus",2009,"Dataset - Neotropical Xenarthrans","-42.0045","-22.30314","Rio de Janeiro"
"Bradypus crinitus",2014,"Dataset - Neotropical Xenarthrans","-42.38765","-22.60099","Rio de Janeiro"
"Bradypus crinitus",2016,"Dataset - Neotropical Xenarthrans","-41.9023","-22.30401","Rio de Janeiro"
"Bradypus crinitus",NA,"Dataset - Neotropical Xenarthrans","-40.7","-20.5667","Espírito Santo"
"Bradypus crinitus",NA,"Dataset - Neotropical Xenarthrans","-40.1603","-19.8768","Espírito Santo"
"Bradypus crinitus",NA,"Dataset - Neotropical Xenarthrans","-40.1336","-19.9289","Espírito Santo"
"Bradypus crinitus",NA,"Dataset - Neotropical Xenarthrans","-40.1544","-19.6286","Espírito Santo"
"Bradypus crinitus",NA,"Dataset - Neotropical Xenarthrans","-40.0887","-19.8706","Espírito Santo"
"Bradypus crinitus",NA,"Dataset - Neotropical Xenarthrans","-40.5025","-20.2781","Espírito Santo"
"Bradypus crinitus",NA,"Dataset - Neotropical Xenarthrans","-41.0078","-20.4131","Espírito Santo"
"Bradypus crinitus",NA,"Dataset - Neotropical Xenarthrans","-40.9079","-19.9971","Espírito Santo"
"Bradypus crinitus",NA,"Dataset - Neotropical Xenarthrans","-40.9","-19.9986","Espírito Santo"
"Bradypus crinitus",NA,"Dataset - Neotropical Xenarthrans","-41.4853","-21.1306","Espírito Santo"
"Bradypus crinitus",NA,"Dataset - Neotropical Xenarthrans","-40.7417","-20.0625","Espírito Santo"
"Bradypus crinitus",NA,"Dataset - Neotropical Xenarthrans","-40.8981","-20.1158","Espírito Santo"
"Bradypus crinitus",NA,"Dataset - Neotropical Xenarthrans","-40.6869","-20.0481","Espírito Santo"
"Bradypus crinitus",NA,"Dataset - Neotropical Xenarthrans","-40.9333","-20.0831","Espírito Santo"
"Bradypus crinitus",NA,"Dataset - Neotropical Xenarthrans","-40.5433","-19.8869","Espírito Santo"
"Bradypus crinitus",NA,"Dataset - Neotropical Xenarthrans","-40.6756","-19.9181","Espírito Santo"
"Bradypus crinitus",NA,"Dataset - Neotropical Xenarthrans","-40.6122","-19.9233","Espírito Santo"
"Bradypus crinitus",NA,"Dataset - Neotropical Xenarthrans","-40.3344","-20.2989","Espírito Santo"
"Bradypus crinitus",NA,"Dataset - Neotropical Xenarthrans","-42.1775","-22.4364","Rio de Janeiro"
"Bradypus crinitus",NA,"Dataset - Neotropical Xenarthrans","-42.0072","-22.3086","Rio de Janeiro"
"Bradypus crinitus",NA,"Dataset - Neotropical Xenarthrans","-41.0378","-21.6036","Rio de Janeiro"
"Bradypus crinitus",NA,"Dataset - Neotropical Xenarthrans","-42.3439","-22.6974","Rio de Janeiro"
"Bradypus crinitus",NA,"Dataset - Neotropical Xenarthrans","-40.23","-19.9623","Espírito Santo"
"Bradypus crinitus",2015,"Dataset - Neotropical Xenarthrans","-42.264223","-22.937543","Rio de Janeiro"
"Bradypus crinitus",2006,"Dataset - Neotropical Xenarthrans","-41.901484","-21.917766","Rio de Janeiro"
"Bradypus crinitus",2007,"Dataset - Neotropical Xenarthrans","-42.734777","-22.337696","Rio de Janeiro"
"Bradypus crinitus",2015,"Dataset - Neotropical Xenarthrans","-42.734777","-22.337696","Rio de Janeiro"
"Bradypus crinitus",2015,"Dataset - Neotropical Xenarthrans","-40.997366","-22.000785","Rio de Janeiro"
"Bradypus crinitus",2002,"Dataset - Neotropical Xenarthrans","-42.278627","-22.54489","Rio de Janeiro"
"Bradypus crinitus",2006,"Dataset - Neotropical Xenarthrans","-42.040927","-22.426267","Rio de Janeiro"
"Bradypus crinitus",2017,"Dataset - Neotropical Xenarthrans","-40.70139","-19.95391","Espírito Santo"
"Bradypus crinitus",2017,"Dataset - Neotropical Xenarthrans","-40.53361","-19.91276","Espírito Santo"
"Bradypus crinitus",2017,"Dataset - Neotropical Xenarthrans","-40.55251","-19.91424","Espírito Santo"
"Bradypus crinitus",2017,"Dataset - Neotropical Xenarthrans","-40.530468","-19.97386","Espírito Santo"
"Bradypus crinitus",2017,"Dataset - Neotropical Xenarthrans","-41.01596","-20.29252","Espírito Santo"
"Bradypus crinitus",2014,"Dataset - Neotropical Xenarthrans","-40.713332","-19.987205","Espírito Santo"
"Bradypus crinitus",2014,"Dataset - Neotropical Xenarthrans","-40.700616","-20.039337","Espírito Santo"
"Bradypus crinitus",2014,"Dataset - Neotropical Xenarthrans","-40.75181004","-20.03421916","Espírito Santo"
"Bradypus crinitus",2014,"Dataset - Neotropical Xenarthrans","-40.750373","-20.060391","Espírito Santo"
"Bradypus crinitus",2014,"Dataset - Neotropical Xenarthrans","-40.831627","-20.094021","Espírito Santo"
"Bradypus crinitus",2014,"Dataset - Neotropical Xenarthrans","-40.884654","-20.134103","Espírito Santo"
"Bradypus crinitus",2014,"Dataset - Neotropical Xenarthrans","-40.905899","-20.176513","Espírito Santo"
"Bradypus crinitus",2014,"Dataset - Neotropical Xenarthrans","-40.87169899","-20.17370229","Espírito Santo"
"Bradypus crinitus",2014,"Dataset - Neotropical Xenarthrans","-40.853566","-20.060815","Espírito Santo"
"Bradypus crinitus",2017,"Dataset - Neotropical Xenarthrans","-40.8815","-19.99497","Espírito Santo"
"Bradypus crinitus",2014,"PortalBio do ICMBio: Sisbio-Dibio","-41.301414","-20.242408","Espírito Santo"
"Bradypus crinitus",2009,"Coleção de Tecidos Animais da Universidade Federal do Espírito Santo","-40.65","-20.35","Espírito Santo"
"Bradypus crinitus",2009,"Coleção de Mamíferos da Universidade Federal do Espírito Santo (UFES-MAM)","-40.65","-20.35","Espírito Santo"
"Bradypus crinitus",2009,"Coleção de Tecidos Animais da Universidade Federal do Espírito Santo","-40.66666","-20.4","Espírito Santo"
"Bradypus crinitus",2009,"Coleção de Mamíferos da Universidade Federal do Espírito Santo (UFES-MAM)","-40.66666","-20.4","Espírito Santo"
"Bradypus crinitus",NA,"Base de dados de Mamíferos da Coleção Zoológica MBML do INMA","-40.6002777777778","-19.9355555555556","Espírito Santo"
"Bradypus crinitus",2008,"PortalBio do ICMBio: Sisbio-Dibio","-40.550833","-19.8825","Espírito Santo"
"Bradypus crinitus",NA,"Base de dados de Mamíferos da Coleção Zoológica MBML do INMA","-40.6002777777778","-19.9355555555556","Espírito Santo"
"Bradypus crinitus",NA,"Base de dados de Mamíferos da Coleção Zoológica MBML do INMA","-40.6002777777778","-19.9355555555556","Espírito Santo"
"Bradypus crinitus",NA,"Base de dados de Mamíferos da Coleção Zoológica MBML do INMA","-40.0722222222222","-19.3911111111111","Espírito Santo"
